date_x,Closed PnL,Size USD,Fee,Trade_Count,timestamp,value,classification,date_y,date_only
2023-05-01,0.0,477.0,0.0,3,2023-05-01 05:30:00,63,Greed,2023-05-01,2023-05-01
2023-12-05,0.0,50005.83,12.501455,9,2023-12-05 05:30:00,75,Extreme Greed,2023-12-05,2023-12-05
2023-12-14,-205.43473700000007,113203.35,28.300831000000002,11,2023-12-14 05:30:00,72,Greed,2023-12-14,2023-12-14
2023-12-15,-24.632033999999997,10609.95,2.652489,2,2023-12-15 05:30:00,70,Greed,2023-12-15,2023-12-15
2023-12-16,0.0,15348.77,3.8371890000000004,3,2023-12-16 05:30:00,67,Greed,2023-12-16,2023-12-16
2023-12-17,304.982785,116278.02,29.069499,14,2023-12-17 05:30:00,73,Greed,2023-12-17,2023-12-17
2023-12-18,0.0,31164.179999999997,7.791045,2,2023-12-18 05:30:00,65,Greed,2023-12-18,2023-12-18
2023-12-19,1000.5386120000001,91602.41,22.900596,15,2023-12-19 05:30:00,73,Greed,2023-12-19,2023-12-19
2023-12-20,162.732282,141636.79,35.409187,18,2023-12-20 05:30:00,74,Greed,2023-12-20,2023-12-20
2023-12-21,537.211402,125233.97,31.308469,49,2023-12-21 05:30:00,70,Greed,2023-12-21,2023-12-21
2023-12-22,141.832675,88874.28,22.218566000000003,10,2023-12-22 05:30:00,74,Greed,2023-12-22,2023-12-22
2023-12-23,146.936704,78438.25,19.609555,13,2023-12-23 05:30:00,70,Greed,2023-12-23,2023-12-23
2023-12-24,1008.619956,402954.94,100.738715,39,2023-12-24 05:30:00,71,Greed,2023-12-24,2023-12-24
2023-12-25,-245.081348,59948.51,14.987124999999999,3,2023-12-25 05:30:00,73,Greed,2023-12-25,2023-12-25
2023-12-27,-704.8892269999999,171411.06,42.852747,28,2023-12-27 05:30:00,73,Greed,2023-12-27,2023-12-27
2023-12-28,-970.730876,100117.25,25.0293,23,2023-12-28 05:30:00,73,Greed,2023-12-28,2023-12-28
2023-12-29,508.92214299999995,569559.72,142.389901,50,2023-12-29 05:30:00,65,Greed,2023-12-29,2023-12-29
2023-12-30,354.998648,702550.21,175.637526,52,2023-12-30 05:30:00,68,Greed,2023-12-30,2023-12-30
2024-01-01,-129.53146,264239.52999999997,66.059867,18,2024-01-01 05:30:00,65,Greed,2024-01-01,2024-01-01
2024-01-02,783.979116,121348.74,30.337176,17,2024-01-02 05:30:00,71,Greed,2024-01-02,2024-01-02
2024-01-03,866.015507,394499.36,98.624811,67,2024-01-03 05:30:00,70,Greed,2024-01-03,2024-01-03
2024-01-04,-67.60364,99792.54000000001,24.948132,5,2024-01-04 05:30:00,68,Greed,2024-01-04,2024-01-04
2024-01-05,164.141565,1703942.66,425.985639,66,2024-01-05 05:30:00,72,Greed,2024-01-05,2024-01-05
2024-01-06,135.58166400000002,298521.4,74.630342,22,2024-01-06 05:30:00,70,Greed,2024-01-06,2024-01-06
2024-01-07,-835.681235,1048850.06,262.212464,97,2024-01-07 05:30:00,71,Greed,2024-01-07,2024-01-07
2024-01-08,-269.874439,1522452.43,380.613064,128,2024-01-08 05:30:00,71,Greed,2024-01-08,2024-01-08
2024-01-09,-826.349863,870051.97,204.012928,70,2024-01-09 05:30:00,76,Extreme Greed,2024-01-09,2024-01-09
2024-01-10,-1517.091342,2057479.48,434.044865,193,2024-01-10 05:30:00,73,Greed,2024-01-10,2024-01-10
2024-01-11,-164.08950099999998,305314.1,75.867171,21,2024-01-11 05:30:00,76,Extreme Greed,2024-01-11,2024-01-11
2024-01-12,-1925.519024,200082.27,49.480726999999995,7,2024-01-12 05:30:00,71,Greed,2024-01-12,2024-01-12
2024-01-15,152.85358,50636.1,12.652712,14,2024-01-15 05:30:00,52,Neutral,2024-01-15,2024-01-15
2024-01-16,-2299.171458,116427.33,17.319309,9,2024-01-16 05:30:00,64,Greed,2024-01-16,2024-01-16
2024-01-17,813.2741110000001,800831.03,159.707606,53,2024-01-17 05:30:00,60,Greed,2024-01-17,2024-01-17
2024-01-18,68.93319,424631.52999999997,92.657901,46,2024-01-18 05:30:00,63,Greed,2024-01-18,2024-01-18
2024-01-19,-385.419235,428428.97,93.051868,48,2024-01-19 05:30:00,51,Neutral,2024-01-19,2024-01-19
2024-01-20,-146.57487000000003,1070090.51,267.522583,106,2024-01-20 05:30:00,52,Neutral,2024-01-20,2024-01-20
2024-01-21,266.58114600000005,103129.74,25.78243,11,2024-01-21 05:30:00,56,Greed,2024-01-21,2024-01-21
2024-01-22,1375.640959,337878.99,67.478268,85,2024-01-22 05:30:00,55,Greed,2024-01-22,2024-01-22
2024-01-23,-369.2447299999998,414518.93000000005,85.72457,45,2024-01-23 05:30:00,50,Neutral,2024-01-23,2024-01-23
2024-01-24,-2808.353815,965084.59,227.771095,68,2024-01-24 05:30:00,48,Neutral,2024-01-24,2024-01-24
2024-01-25,-3093.6293849999997,66566.13,16.641532,6,2024-01-25 05:30:00,52,Neutral,2024-01-25,2024-01-25
2024-01-26,90.2,11773.21,0.444235,5,2024-01-26 05:30:00,49,Neutral,2024-01-26,2024-01-26
2024-01-28,-2478.06972,18109.03,-0.362176,11,2024-01-28 05:30:00,54,Neutral,2024-01-28,2024-01-28
2024-01-29,486.562542,414208.18,103.26260500000001,74,2024-01-29 05:30:00,55,Greed,2024-01-29,2024-01-29
2024-01-30,-173.65419100000003,401011.38,100.25281,49,2024-01-30 05:30:00,61,Greed,2024-01-30,2024-01-30
2024-01-31,-799.840817,6305647.13,1549.411475,859,2024-01-31 05:30:00,60,Greed,2024-01-31,2024-01-31
2024-02-01,0.0,2008.18,0.5020439999999999,6,2024-02-01 05:30:00,63,Greed,2024-02-01,2024-02-01
2024-02-02,456.423473,474278.43,91.569636,42,2024-02-02 05:30:00,63,Greed,2024-02-02,2024-02-02
2024-02-03,223.30918699999998,603820.0,109.662349,56,2024-02-03 05:30:00,60,Greed,2024-02-03,2024-02-03
2024-02-04,47.62389499999999,203187.53,50.52688,35,2024-02-04 05:30:00,60,Greed,2024-02-04,2024-02-04
2024-02-05,-33.45419400000003,770198.26,165.549465,72,2024-02-05 05:30:00,60,Greed,2024-02-05,2024-02-05
2024-02-06,-215.615907,8047153.41,988.606997,1088,2024-02-06 05:30:00,64,Greed,2024-02-06,2024-02-06
2024-02-07,241.24212,6758.73,0.339693,15,2024-02-07 05:30:00,62,Greed,2024-02-07,2024-02-07
2024-02-08,770.756024,26051.12,3.0028870000000003,10,2024-02-08 05:30:00,66,Greed,2024-02-08,2024-02-08
2024-02-11,983.443176,212311.82,24.955292,34,2024-02-11 05:30:00,71,Greed,2024-02-11,2024-02-11
2024-02-12,913.8817869999998,227247.69999999998,27.111911,16,2024-02-12 05:30:00,70,Greed,2024-02-12,2024-02-12
2024-02-13,559.44389,1999.99,-0.039992,14,2024-02-13 05:30:00,79,Extreme Greed,2024-02-13,2024-02-13
2024-02-14,3830.599833,320839.88,22.917474000000002,111,2024-02-14 05:30:00,74,Greed,2024-02-14,2024-02-14
2024-02-15,1840.797677,185188.04,30.706297,63,2024-02-15 05:30:00,72,Greed,2024-02-15,2024-02-15
2024-02-16,5491.768834,564896.51,27.22517,182,2024-02-16 05:30:00,72,Greed,2024-02-16,2024-02-16
2024-02-17,1929.6418,406118.07,62.055053,94,2024-02-17 05:30:00,76,Extreme Greed,2024-02-17,2024-02-17
2024-02-18,477.6248299999999,157048.17,-3.140925,97,2024-02-18 05:30:00,72,Greed,2024-02-18,2024-02-18
2024-02-19,4317.768563,286377.2,14.85262,101,2024-02-19 05:30:00,75,Extreme Greed,2024-02-19,2024-02-19
2024-02-20,3263.628824,119419.72,3.073675,39,2024-02-20 05:30:00,72,Greed,2024-02-20,2024-02-20
2024-02-21,1858.7985700000002,108047.51999999999,2.970629,22,2024-02-21 05:30:00,78,Extreme Greed,2024-02-21,2024-02-21
2024-02-22,3894.1050699999996,373033.87,25.45258,88,2024-02-22 05:30:00,74,Greed,2024-02-22,2024-02-22
2024-02-23,1418.55293,111106.14,-2.067069,143,2024-02-23 05:30:00,76,Extreme Greed,2024-02-23,2024-02-23
2024-02-25,-30.7705,4480.13,-0.0896,5,2024-02-25 05:30:00,74,Greed,2024-02-25,2024-02-25
2024-02-26,4416.8473,192187.14,-0.09772499999999981,39,2024-02-26 05:30:00,72,Greed,2024-02-26,2024-02-26
2024-02-27,888.511733,209362.3,-3.761609,63,2024-02-27 05:30:00,79,Extreme Greed,2024-02-27,2024-02-27
2024-02-28,2503.747235,171107.13,-1.377152,45,2024-02-28 05:30:00,82,Extreme Greed,2024-02-28,2024-02-28
2024-02-29,9813.996992,395666.73,1.3590849999999999,116,2024-02-29 05:30:00,80,Extreme Greed,2024-02-29,2024-02-29
2024-03-01,8244.241409,472974.7,-0.546854,137,2024-03-01 05:30:00,80,Extreme Greed,2024-03-01,2024-03-01
2024-03-02,230.90060000000005,63197.56,-0.4691290000000001,31,2024-03-02 05:30:00,80,Extreme Greed,2024-03-02,2024-03-02
2024-03-03,8361.086245,390745.68,-2.507103,79,2024-03-03 05:30:00,83,Extreme Greed,2024-03-03,2024-03-03
2024-03-04,27799.775742,1577996.87,-0.559449,300,2024-03-04 05:30:00,82,Extreme Greed,2024-03-04,2024-03-04
2024-03-05,19791.026041,841810.32,-4.438459,180,2024-03-05 05:30:00,90,Extreme Greed,2024-03-05,2024-03-05
2024-03-06,6814.825139,327218.02,-3.355318,82,2024-03-06 05:30:00,75,Extreme Greed,2024-03-06,2024-03-06
2024-03-08,4271.886236,183583.18,-3.6716290000000003,67,2024-03-08 05:30:00,81,Extreme Greed,2024-03-08,2024-03-08
2024-03-09,9949.501624,658178.75,1.8517640000000002,117,2024-03-09 05:30:00,84,Extreme Greed,2024-03-09,2024-03-09
2024-03-10,2482.9272,219973.85,2.281072,42,2024-03-10 05:30:00,79,Extreme Greed,2024-03-10,2024-03-10
2024-03-11,3588.179495,176519.44999999998,8.47289,42,2024-03-11 05:30:00,82,Extreme Greed,2024-03-11,2024-03-11
2024-03-12,3039.166,103040.85,4.945953,8,2024-03-12 05:30:00,81,Extreme Greed,2024-03-12,2024-03-12
2024-03-13,0.0,6000.799999999999,2.100278,7,2024-03-13 05:30:00,81,Extreme Greed,2024-03-13,2024-03-13
2024-03-14,3465.865832,205933.18,11.716792,18,2024-03-14 05:30:00,88,Extreme Greed,2024-03-14,2024-03-14
2024-03-15,6236.513651,351894.41,49.485003,62,2024-03-15 05:30:00,83,Extreme Greed,2024-03-15,2024-03-15
2024-03-16,228.57984,37223.66,10.52828,8,2024-03-16 05:30:00,81,Extreme Greed,2024-03-16,2024-03-16
2024-03-17,503.293955,99506.95,33.763329,23,2024-03-17 05:30:00,79,Extreme Greed,2024-03-17,2024-03-17
2024-03-18,1456.9577,90458.08,24.943279999999998,19,2024-03-18 05:30:00,77,Extreme Greed,2024-03-18,2024-03-18
2024-03-19,668.797973,219884.84,25.988312,24,2024-03-19 05:30:00,79,Extreme Greed,2024-03-19,2024-03-19
2024-03-20,6423.134599,215705.85,39.878838,69,2024-03-20 05:30:00,74,Greed,2024-03-20,2024-03-20
2024-03-21,2335.5080749999997,117895.57,16.394750000000002,28,2024-03-21 05:30:00,78,Extreme Greed,2024-03-21,2024-03-21
2024-03-24,1297.018477,92592.20999999999,8.888837,19,2024-03-24 05:30:00,74,Greed,2024-03-24,2024-03-24
2024-03-25,1302.916428,57116.32,19.990712,7,2024-03-25 05:30:00,75,Extreme Greed,2024-03-25,2024-03-25
2024-03-26,3215.906593,198565.19,28.147402999999997,118,2024-03-26 05:30:00,81,Extreme Greed,2024-03-26,2024-03-26
2024-03-27,150.41114,99864.79,31.717952,38,2024-03-27 05:30:00,83,Extreme Greed,2024-03-27,2024-03-27
2024-03-28,227.85100799999998,35323.72,9.059229,13,2024-03-28 05:30:00,80,Extreme Greed,2024-03-28,2024-03-28
2024-03-29,883.097404,86914.37,30.420029999999997,15,2024-03-29 05:30:00,79,Extreme Greed,2024-03-29,2024-03-29
2024-03-30,1100.57514,101103.92,9.939454,45,2024-03-30 05:30:00,75,Extreme Greed,2024-03-30,2024-03-30
2024-03-31,912.786145,39912.96,13.969522000000001,13,2024-03-31 05:30:00,75,Extreme Greed,2024-03-31,2024-03-31
2024-04-01,2507.963406,339470.47,83.751362,77,2024-04-01 05:30:00,79,Extreme Greed,2024-04-01,2024-04-01
2024-04-02,883.760812,239664.50999999998,80.13257399999999,41,2024-04-02 05:30:00,79,Extreme Greed,2024-04-02,2024-04-02
2024-04-03,126.7884,16887.57,1.661201,4,2024-04-03 05:30:00,71,Greed,2024-04-03,2024-04-03
2024-04-04,0.0,95987.73,33.595684999999996,32,2024-04-04 05:30:00,70,Greed,2024-04-04,2024-04-04
2024-04-05,10706.484306,503791.8,103.430138,100,2024-04-05 05:30:00,79,Extreme Greed,2024-04-05,2024-04-05
2024-04-06,236.33513399999998,68223.67,23.878277,16,2024-04-06 05:30:00,75,Extreme Greed,2024-04-06,2024-04-06
2024-04-07,0.0,49988.14,17.495845,23,2024-04-07 05:30:00,78,Extreme Greed,2024-04-07,2024-04-07
2024-04-08,1218.4267,211940.64,61.790548,30,2024-04-08 05:30:00,76,Extreme Greed,2024-04-08,2024-04-08
2024-04-09,0.0,57063.840000000004,19.972341,3,2024-04-09 05:30:00,80,Extreme Greed,2024-04-09,2024-04-09
2024-04-10,5207.443414,351735.97,123.107562,41,2024-04-10 05:30:00,78,Extreme Greed,2024-04-10,2024-04-10
2024-04-11,389.743164,76400.96,26.740329,16,2024-04-11 05:30:00,76,Extreme Greed,2024-04-11,2024-04-11
2024-04-12,-592.6458390000001,442088.59,97.560875,129,2024-04-12 05:30:00,79,Extreme Greed,2024-04-12,2024-04-12
2024-04-13,6621.451755,486411.25,118.999176,89,2024-04-13 05:30:00,72,Greed,2024-04-13,2024-04-13
2024-04-14,-36104.012520000004,659162.17,213.477404,107,2024-04-14 05:30:00,72,Greed,2024-04-14,2024-04-14
2024-04-15,3774.08872,291111.19,40.650603999999994,41,2024-04-15 05:30:00,74,Greed,2024-04-15,2024-04-15
2024-04-16,2467.702221,181907.17,18.457685,47,2024-04-16 05:30:00,65,Greed,2024-04-16,2024-04-16
2024-04-17,2441.4683999999997,97562.99,10.620963,14,2024-04-17 05:30:00,67,Greed,2024-04-17,2024-04-17
2024-04-19,1946.4454620000001,337257.92000000004,118.04025999999999,35,2024-04-19 05:30:00,66,Greed,2024-04-19,2024-04-19
2024-04-20,0.0,60733.24,121.289047,22,2024-04-20 05:30:00,66,Greed,2024-04-20,2024-04-20
2024-04-22,0.0,47993.61,16.797764,9,2024-04-22 05:30:00,73,Greed,2024-04-22,2024-04-22
2024-04-23,1119.536196,233054.9,71.308476,66,2024-04-23 05:30:00,71,Greed,2024-04-23,2024-04-23
2024-04-24,279.185907,141275.24,49.446315999999996,20,2024-04-24 05:30:00,72,Greed,2024-04-24,2024-04-24
2024-04-25,0.0,120241.01,160.159512,74,2024-04-25 05:30:00,72,Greed,2024-04-25,2024-04-25
2024-04-26,0.0,4988.290000000001,1.745898,3,2024-04-26 05:30:00,70,Greed,2024-04-26,2024-04-26
2024-04-27,4281.488139,154264.47,53.99255,27,2024-04-27 05:30:00,67,Greed,2024-04-27,2024-04-27
2024-04-28,0.0,43985.6,15.394946,58,2024-04-28 05:30:00,65,Greed,2024-04-28,2024-04-28
2024-04-29,526.9338359999999,108699.01,38.04463,45,2024-04-29 05:30:00,67,Greed,2024-04-29,2024-04-29
2024-04-30,0.0,125018.75,43.75655,24,2024-04-30 05:30:00,67,Greed,2024-04-30,2024-04-30
2024-05-01,0.0,87025.45,30.458908,14,2024-05-01 05:30:00,54,Neutral,2024-05-01,2024-05-01
2024-05-03,5306.017045,282682.64999999997,98.910681,36,2024-05-03 05:30:00,48,Neutral,2024-05-03,2024-05-03
2024-05-04,0.0,58998.75,20.649559,9,2024-05-04 05:30:00,67,Greed,2024-05-04,2024-05-04
2024-05-05,0.916,24068.350000000002,8.412778,6,2024-05-05 05:30:00,69,Greed,2024-05-05,2024-05-05
2024-05-06,968.59038,206016.43,72.105746,9,2024-05-06 05:30:00,71,Greed,2024-05-06,2024-05-06
2024-05-07,883.537693,108717.58,38.039061,18,2024-05-07 05:30:00,68,Greed,2024-05-07,2024-05-07
2024-05-08,1.56576,65973.57,23.076826,13,2024-05-08 05:30:00,64,Greed,2024-05-08,2024-05-08
2024-05-09,1147.595856,221966.12,77.688132,28,2024-05-09 05:30:00,55,Greed,2024-05-09,2024-05-09
2024-05-10,2101.741695,156882.0,54.90869,22,2024-05-10 05:30:00,66,Greed,2024-05-10,2024-05-10
2024-05-11,251.604742,63248.95,22.137125,9,2024-05-11 05:30:00,53,Neutral,2024-05-11,2024-05-11
2024-05-12,0.0,55179.56,19.312829,23,2024-05-12 05:30:00,56,Greed,2024-05-12,2024-05-12
2024-05-13,2136.853859,193118.9,67.591599,28,2024-05-13 05:30:00,57,Greed,2024-05-13,2024-05-13
2024-05-14,1150.5233050000002,145853.4,51.048685,23,2024-05-14 05:30:00,66,Greed,2024-05-14,2024-05-14
2024-05-15,948.970582,234922.57,82.222887,36,2024-05-15 05:30:00,64,Greed,2024-05-15,2024-05-15
2024-05-16,214.5898,162620.96,56.91732,27,2024-05-16 05:30:00,70,Greed,2024-05-16,2024-05-16
2024-05-18,3522.3946610000003,126303.14,44.206092,25,2024-05-18 05:30:00,73,Greed,2024-05-18,2024-05-18
2024-05-19,0.0,29998.09,10.499327000000001,8,2024-05-19 05:30:00,72,Greed,2024-05-19,2024-05-19
2024-05-20,-74.818442,38124.75,13.343662,10,2024-05-20 05:30:00,70,Greed,2024-05-20,2024-05-20
2024-05-21,7289.397571999999,1100948.59,385.331944,125,2024-05-21 05:30:00,76,Extreme Greed,2024-05-21,2024-05-21
2024-05-22,0.0,44995.29,15.748349000000001,6,2024-05-22 05:30:00,76,Extreme Greed,2024-05-22,2024-05-22
2024-05-23,413.347329,401850.6,113.43007899999999,325,2024-05-23 05:30:00,76,Extreme Greed,2024-05-23,2024-05-23
2024-05-24,821.949278,50811.899999999994,17.784165,2,2024-05-24 05:30:00,74,Greed,2024-05-24,2024-05-24
2024-05-25,14.126038999999999,29991.129999999997,10.246887000000001,16,2024-05-25 05:30:00,76,Extreme Greed,2024-05-25,2024-05-25
2024-05-26,778.6839,53976.67,18.768190999999998,16,2024-05-26 05:30:00,75,Extreme Greed,2024-05-26,2024-05-26
2024-05-27,1129.35587,151115.72,45.832466,251,2024-05-27 05:30:00,74,Greed,2024-05-27,2024-05-27
2024-05-29,277.791953,84268.76,36.876599,164,2024-05-29 05:30:00,72,Greed,2024-05-29,2024-05-29
2024-05-30,20.951433,2838.09,0.993326,7,2024-05-30 05:30:00,73,Greed,2024-05-30,2024-05-30
2024-05-31,25.35812,3636.14,1.272646,13,2024-05-31 05:30:00,73,Greed,2024-05-31,2024-05-31
2024-06-01,91.510419,12834.62,4.492106,25,2024-06-01 05:30:00,72,Greed,2024-06-01,2024-06-01
2024-06-02,192.906947,29464.51,7.792912,93,2024-06-02 05:30:00,73,Greed,2024-06-02,2024-06-02
2024-06-03,562.808208,21466.86,5.378086,70,2024-06-03 05:30:00,73,Greed,2024-06-03,2024-06-03
2024-06-04,52.211438,24243.41,7.432953,53,2024-06-04 05:30:00,73,Greed,2024-06-04,2024-06-04
2024-06-05,56.055506,25350.77,7.1040600000000005,54,2024-06-05 05:30:00,75,Extreme Greed,2024-06-05,2024-06-05
2024-06-06,274.173187,137557.76,37.079424,234,2024-06-06 05:30:00,78,Extreme Greed,2024-06-06,2024-06-06
2024-06-07,8902.467416,1098588.76,372.962664,440,2024-06-07 05:30:00,77,Extreme Greed,2024-06-07,2024-06-07
2024-06-08,129.13883900000002,97351.88,34.073137,29,2024-06-08 05:30:00,72,Greed,2024-06-08,2024-06-08
2024-06-09,0.0,22410.22,7.515775,17,2024-06-09 05:30:00,75,Extreme Greed,2024-06-09,2024-06-09
2024-06-10,31.266804999999998,46587.93,14.696328000000001,53,2024-06-10 05:30:00,72,Greed,2024-06-10,2024-06-10
2024-06-11,4320.631811,373279.92,129.928213,123,2024-06-11 05:30:00,74,Greed,2024-06-11,2024-06-11
2024-06-12,-21886.531493,193407.96,63.921417,254,2024-06-12 05:30:00,72,Greed,2024-06-12,2024-06-12
2024-06-13,6632.757115,132577.22,33.39975,79,2024-06-13 05:30:00,70,Greed,2024-06-13,2024-06-13
2024-06-14,10258.592609,139868.66,38.954076,31,2024-06-14 05:30:00,74,Greed,2024-06-14,2024-06-14
2024-06-15,3369.958346,718350.25,251.422549,78,2024-06-15 05:30:00,74,Greed,2024-06-15,2024-06-15
2024-06-16,0.0,25235.079999999998,8.832277,11,2024-06-16 05:30:00,71,Greed,2024-06-16,2024-06-16
2024-06-17,10599.502375,368380.12,128.93302500000001,38,2024-06-17 05:30:00,71,Greed,2024-06-17,2024-06-17
2024-06-18,282.57636,263314.79,67.160258,25,2024-06-18 05:30:00,74,Greed,2024-06-18,2024-06-18
2024-06-19,4887.656944,417071.12,138.851743,61,2024-06-19 05:30:00,64,Greed,2024-06-19,2024-06-19
2024-06-20,57478.456026,207990.8,13.46905,39,2024-06-20 05:30:00,60,Greed,2024-06-20,2024-06-20
2024-06-21,773.5582039999999,176264.49,61.277099,80,2024-06-21 05:30:00,63,Greed,2024-06-21,2024-06-21
2024-06-22,756.876565,169594.27000000002,40.533382,24,2024-06-22 05:30:00,53,Neutral,2024-06-22,2024-06-22
2024-06-23,0.0,1792.12,0.17921199999999998,5,2024-06-23 05:30:00,55,Greed,2024-06-23,2024-06-23
2024-06-24,0.0,403002.8,103.551001,31,2024-06-24 05:30:00,51,Neutral,2024-06-24,2024-06-24
2024-06-25,4869.353105,103099.08,36.084651,49,2024-06-25 05:30:00,30,Fear,2024-06-25,2024-06-25
2024-06-26,4197.732182,365190.66000000003,127.5543,72,2024-06-26 05:30:00,46,Neutral,2024-06-26,2024-06-26
2024-06-27,0.0,130486.95,45.556012,30,2024-06-27 05:30:00,40,Fear,2024-06-27,2024-06-27
2024-06-29,6150.326145,280095.11,460.295231,75,2024-06-29 05:30:00,30,Fear,2024-06-29,2024-06-29
2024-06-30,0.0,30520.69,17.057669,14,2024-06-30 05:30:00,47,Neutral,2024-06-30,2024-06-30
2024-07-01,5065.839308,362670.14999999997,425.323025,64,2024-07-01 05:30:00,53,Neutral,2024-07-01,2024-07-01
2024-07-02,2421.253116,33347.47,11.458730000000001,18,2024-07-02 05:30:00,51,Neutral,2024-07-02,2024-07-02
2024-07-03,1118.387284,179600.66,62.628682,18,2024-07-03 05:30:00,50,Neutral,2024-07-03,2024-07-03
2024-07-04,0.0,430568.01,113.02464499999999,25,2024-07-04 05:30:00,44,Fear,2024-07-04,2024-07-04
2024-07-05,0.0,272289.89,95.130717,32,2024-07-05 05:30:00,29,Fear,2024-07-05,2024-07-05
2024-07-06,108.87217799999999,2490.17,344.35416,24,2024-07-06 05:30:00,26,Fear,2024-07-06,2024-07-06
2024-07-07,61.428942,498.75,0.049875,10,2024-07-07 05:30:00,29,Fear,2024-07-07,2024-07-07
2024-07-08,0.0,497.64,0.0156,1,2024-07-08 05:30:00,28,Fear,2024-07-08,2024-07-08
2024-07-09,648.984412,2736.45,0.39756800000000003,15,2024-07-09 05:30:00,27,Fear,2024-07-09,2024-07-09
2024-07-10,11977.734907,687900.21,240.76504,56,2024-07-10 05:30:00,28,Fear,2024-07-10,2024-07-10
2024-07-11,1876.812082,169887.02,59.460443,19,2024-07-11 05:30:00,29,Fear,2024-07-11,2024-07-11
2024-07-12,1412.314654,89582.97,31.354029,19,2024-07-12 05:30:00,25,Fear,2024-07-12,2024-07-12
2024-07-13,2913.617837,139189.19,48.71621,17,2024-07-13 05:30:00,25,Fear,2024-07-13,2024-07-13
2024-07-14,0.0,84001.13,29.400389,7,2024-07-14 05:30:00,33,Fear,2024-07-14,2024-07-14
2024-07-15,-1.0,198344.85,68.995769,26,2024-07-15 05:30:00,52,Neutral,2024-07-15,2024-07-15
2024-07-16,0.0,144000.57,50.400180999999996,22,2024-07-16 05:30:00,65,Greed,2024-07-16,2024-07-16
2024-07-17,1859.269477,626005.53,206.601913,351,2024-07-17 05:30:00,69,Greed,2024-07-17,2024-07-17
2024-07-18,3803.884311,649704.85,227.396664,60,2024-07-18 05:30:00,61,Greed,2024-07-18,2024-07-18
2024-07-19,2155.891114,150269.42,52.594288,23,2024-07-19 05:30:00,60,Greed,2024-07-19,2024-07-19
2024-07-20,2299.169566,244362.21,80.758418,266,2024-07-20 05:30:00,74,Greed,2024-07-20,2024-07-20
2024-07-21,-2960.716887,234307.46,64.72334,448,2024-07-21 05:30:00,74,Greed,2024-07-21,2024-07-21
2024-07-22,1517.119876,304213.8,97.459536,154,2024-07-22 05:30:00,70,Greed,2024-07-22,2024-07-22
2024-07-23,89890.302206,358526.54,59.243126000000004,370,2024-07-23 05:30:00,71,Greed,2024-07-23,2024-07-23
2024-07-24,625.561479,69207.93,55.067279,90,2024-07-24 05:30:00,69,Greed,2024-07-24,2024-07-24
2024-07-25,916.7382600000001,528555.31,224.185916,78,2024-07-25 05:30:00,68,Greed,2024-07-25,2024-07-25
2024-07-26,2766.513113,548587.65,206.567015,152,2024-07-26 05:30:00,68,Greed,2024-07-26,2024-07-26
2024-07-27,6400.623656,905199.75,316.819894,57,2024-07-27 05:30:00,72,Greed,2024-07-27,2024-07-27
2024-07-28,587.29903,43254.68,15.139122,16,2024-07-28 05:30:00,71,Greed,2024-07-28,2024-07-28
2024-07-29,330.80445399999996,327199.14,114.519684,39,2024-07-29 05:30:00,74,Greed,2024-07-29,2024-07-29
2024-07-30,0.0,36006.47,12.602264,6,2024-07-30 05:30:00,67,Greed,2024-07-30,2024-07-30
2024-07-31,765.690884,84506.54,29.577267000000003,43,2024-07-31 05:30:00,61,Greed,2024-07-31,2024-07-31
2024-08-01,167.080017,227774.53,108.095036,57,2024-08-01 05:30:00,52,Neutral,2024-08-01,2024-08-01
2024-08-02,782.3681909999999,396320.37,145.520462,63,2024-08-02 05:30:00,57,Greed,2024-08-02,2024-08-02
2024-08-03,464.1897,290532.86,108.653106,37,2024-08-03 05:30:00,37,Fear,2024-08-03,2024-08-03
2024-08-04,-122672.000883,1207744.07,445.902235,127,2024-08-04 05:30:00,34,Fear,2024-08-04,2024-08-04
2024-08-05,-13013.665169,420495.4,202.719158,80,2024-08-05 05:30:00,26,Fear,2024-08-05,2024-08-05
2024-08-06,267.318048,61478.38,62.621279,107,2024-08-06 05:30:00,17,Extreme Fear,2024-08-06,2024-08-06
2024-08-07,188.789255,2492.77,3.7522038,33,2024-08-07 05:30:00,29,Fear,2024-08-07,2024-08-07
2024-08-08,-40.712216999999995,16299.35,6.647995,9,2024-08-08 05:30:00,20,Extreme Fear,2024-08-08,2024-08-08
2024-08-09,18082.071276,503204.86,185.25438068,144,2024-08-09 05:30:00,48,Neutral,2024-08-09,2024-08-09
2024-08-10,0.0,11339.29,50.0831879,88,2024-08-10 05:30:00,40,Fear,2024-08-10,2024-08-10
2024-08-11,847.7766200000001,44230.21,40.931287,24,2024-08-11 05:30:00,39,Fear,2024-08-11,2024-08-11
2024-08-12,858.6705000000001,54167.32,36.071895,48,2024-08-12 05:30:00,25,Fear,2024-08-12,2024-08-12
2024-08-13,212.08102,20797.87,17.932876999999998,23,2024-08-13 05:30:00,31,Fear,2024-08-13,2024-08-13
2024-08-14,2168.9015130000003,66710.03,46.493106,25,2024-08-14 05:30:00,30,Fear,2024-08-14,2024-08-14
2024-08-15,0.0,1522.3700000000001,16.50261,12,2024-08-15 05:30:00,29,Fear,2024-08-15,2024-08-15
2024-08-16,825.230544,166382.84,81.187942,35,2024-08-16 05:30:00,27,Fear,2024-08-16,2024-08-16
2024-08-17,-288.283113,30248.96,17.096539,30,2024-08-17 05:30:00,25,Fear,2024-08-17,2024-08-17
2024-08-18,307.201888,62804.48,21.981557000000002,15,2024-08-18 05:30:00,31,Fear,2024-08-18,2024-08-18
2024-08-19,339.69958299999996,100315.03,35.110258,8,2024-08-19 05:30:00,28,Fear,2024-08-19,2024-08-19
2024-08-20,192.602844,49914.8,17.470174,12,2024-08-20 05:30:00,30,Fear,2024-08-20,2024-08-20
2024-08-21,656.200925,104990.41,36.746583,145,2024-08-21 05:30:00,26,Fear,2024-08-21,2024-08-21
2024-08-23,1005.30527,63509.56,22.228341999999998,10,2024-08-23 05:30:00,34,Fear,2024-08-23,2024-08-23
2024-08-24,0.0,34999.67,12.249882,7,2024-08-24 05:30:00,56,Greed,2024-08-24,2024-08-24
2024-08-25,0.0,21950.28,26.303603,17,2024-08-25 05:30:00,54,Neutral,2024-08-25,2024-08-25
2024-08-26,231.236918,92611.27,32.302932,6,2024-08-26 05:30:00,55,Greed,2024-08-26,2024-08-26
2024-08-27,0.0,70250.16,52.053552,50,2024-08-27 05:30:00,48,Neutral,2024-08-27,2024-08-27
2024-08-28,1333.359645,71160.06999999999,24.906026,9,2024-08-28 05:30:00,30,Fear,2024-08-28,2024-08-28
2024-08-29,0.0,9995.85,3.498547,1,2024-08-29 05:30:00,29,Fear,2024-08-29,2024-08-29
2024-08-30,256.464,37233.24,13.031175999999999,6,2024-08-30 05:30:00,34,Fear,2024-08-30,2024-08-30
2024-08-31,10.882801,107507.43000000001,39.955315,34,2024-08-31 05:30:00,29,Fear,2024-08-31,2024-08-31
2024-09-01,137.433093,12359.68,4.325861,12,2024-09-01 05:30:00,26,Fear,2024-09-01,2024-09-01
2024-09-02,0.0,30000.42,10.500148,2,2024-09-02 05:30:00,26,Fear,2024-09-02,2024-09-02
2024-09-04,1065.785132,131480.97,63.570226999999996,34,2024-09-04 05:30:00,27,Fear,2024-09-04,2024-09-04
2024-09-05,0.0,0.84,0.0,1,2024-09-05 05:30:00,29,Fear,2024-09-05,2024-09-05
2024-09-06,-1104.856765,39047.1,13.666476,42,2024-09-06 05:30:00,22,Extreme Fear,2024-09-06,2024-09-06
2024-09-08,0.0,0.11,0.0,1,2024-09-08 05:30:00,29,Fear,2024-09-08,2024-09-08
2024-09-09,0.0,4014.4300000000003,34.9079,2,2024-09-09 05:30:00,26,Fear,2024-09-09,2024-09-09
2024-09-10,-219.729659,2547.28,7.2904,3,2024-09-10 05:30:00,33,Fear,2024-09-10,2024-09-10
2024-09-11,0.0,0.54,0.0,1,2024-09-11 05:30:00,37,Fear,2024-09-11,2024-09-11
2024-09-14,0.0,1014.8000000000001,30.381330000000002,11,2024-09-14 05:30:00,50,Neutral,2024-09-14,2024-09-14
2024-09-18,-878.684794,13633.5,31.732943,145,2024-09-18 05:30:00,45,Neutral,2024-09-18,2024-09-18
2024-09-19,0.0,1521.8700000000001,28.60766,19,2024-09-19 05:30:00,49,Neutral,2024-09-19,2024-09-19
2024-09-20,9585.03428,332873.38,109.317031,16,2024-09-20 05:30:00,54,Neutral,2024-09-20,2024-09-20
2024-09-21,36165.56933,165648.12,57.976841,23,2024-09-21 05:30:00,54,Neutral,2024-09-21,2024-09-21
2024-09-22,0.0,19999.739999999998,6.999907,3,2024-09-22 05:30:00,52,Neutral,2024-09-22,2024-09-22
2024-09-23,334.760796,40334.29,14.117002000000001,2,2024-09-23 05:30:00,50,Neutral,2024-09-23,2024-09-23
2024-09-24,0.0,7118.63,12.966142,10,2024-09-24 05:30:00,54,Neutral,2024-09-24,2024-09-24
2024-09-25,0.0,52754.130000000005,17.764677,9,2024-09-25 05:30:00,59,Greed,2024-09-25,2024-09-25
2024-09-26,439.812513,113711.93000000001,31.348204,8,2024-09-26 05:30:00,50,Neutral,2024-09-26,2024-09-26
2024-09-27,0.0,126097.04,37.503311,56,2024-09-27 05:30:00,61,Greed,2024-09-27,2024-09-27
2024-09-28,0.0,29199.21,2.8031200000000003,4,2024-09-28 05:30:00,64,Greed,2024-09-28,2024-09-28
2024-09-30,2710.626288,214669.85,65.637576,106,2024-09-30 05:30:00,61,Greed,2024-09-30,2024-09-30
2024-10-01,0.0,139954.32,48.98401,4,2024-10-01 05:30:00,50,Neutral,2024-10-01,2024-10-01
2024-10-02,0.0,99954.34,34.984016999999994,4,2024-10-02 05:30:00,42,Fear,2024-10-02,2024-10-02
2024-10-03,100.375782,132935.69,46.527491000000005,9,2024-10-03 05:30:00,37,Fear,2024-10-03,2024-10-03
2024-10-04,0.0,0.34,0.0,1,2024-10-04 05:30:00,41,Fear,2024-10-04,2024-10-04
2024-10-05,5767.161892,605605.74,211.961771,37,2024-10-05 05:30:00,49,Neutral,2024-10-05,2024-10-05
2024-10-06,130.487079,300130.56,105.045693,22,2024-10-06 05:30:00,50,Neutral,2024-10-06,2024-10-06
2024-10-07,0.0,219984.65,76.994616,21,2024-10-07 05:30:00,50,Neutral,2024-10-07,2024-10-07
2024-10-08,5396.546638,434584.13,152.10422,36,2024-10-08 05:30:00,49,Neutral,2024-10-08,2024-10-08
2024-10-09,396.06272,220399.93,77.139967,14,2024-10-09 05:30:00,49,Neutral,2024-10-09,2024-10-09
2024-10-10,0.0,300024.33999999997,105.00851,16,2024-10-10 05:30:00,39,Fear,2024-10-10,2024-10-10
2024-10-11,8885.327477,488904.19,171.116194,26,2024-10-11 05:30:00,32,Fear,2024-10-11,2024-10-11
2024-10-12,541.55471,159713.4,55.899685,10,2024-10-12 05:30:00,49,Neutral,2024-10-12,2024-10-12
2024-10-13,0.0,60002.42,21.000841,10,2024-10-13 05:30:00,50,Neutral,2024-10-13,2024-10-13
2024-10-14,1913.61958,61916.020000000004,21.670604,5,2024-10-14 05:30:00,48,Neutral,2024-10-14,2024-10-14
2024-10-15,1170.2260760000001,81173.36,28.410673,7,2024-10-15 05:30:00,65,Greed,2024-10-15,2024-10-15
2024-10-16,219.480876,80229.17,28.080204000000002,11,2024-10-16 05:30:00,73,Greed,2024-10-16,2024-10-16
2024-10-17,36.11496,140531.75,49.186107,9,2024-10-17 05:30:00,71,Greed,2024-10-17,2024-10-17
2024-10-18,333.219141,120331.43000000001,42.115998,6,2024-10-18 05:30:00,73,Greed,2024-10-18,2024-10-18
2024-10-19,0.0,99996.86,34.998901000000004,4,2024-10-19 05:30:00,72,Greed,2024-10-19,2024-10-19
2024-10-20,389.155797,176447.86000000002,59.257459,96,2024-10-20 05:30:00,73,Greed,2024-10-20,2024-10-20
2024-10-21,2464.915564,324117.99,109.858043,173,2024-10-21 05:30:00,72,Greed,2024-10-21,2024-10-21
2024-10-22,0.0,60000.36,21.000124,3,2024-10-22 05:30:00,70,Greed,2024-10-22,2024-10-22
2024-10-23,-46.489941,210006.07,73.502111,18,2024-10-23 05:30:00,71,Greed,2024-10-23,2024-10-23
2024-10-25,13235.862071,427883.18,143.841914,30,2024-10-25 05:30:00,72,Greed,2024-10-25,2024-10-25
2024-10-27,666.6623079999999,90664.41,31.73254,4,2024-10-27 05:30:00,74,Greed,2024-10-27,2024-10-27
2024-10-28,167.28016200000002,121495.25,42.27334,13,2024-10-28 05:30:00,72,Greed,2024-10-28,2024-10-28
2024-10-29,801.170876,613267.8099999999,214.643714,53,2024-10-29 05:30:00,72,Greed,2024-10-29,2024-10-29
2024-10-30,9.150023,11830.85,3.596988,25,2024-10-30 05:30:00,77,Extreme Greed,2024-10-30,2024-10-30
2024-10-31,1214.043811,896173.36,312.710928,48,2024-10-31 05:30:00,77,Extreme Greed,2024-10-31,2024-10-31
2024-11-01,1040.475736,260981.03,90.654875,23,2024-11-01 05:30:00,75,Extreme Greed,2024-11-01,2024-11-01
2024-11-02,0.0,40000.0,13.999997,2,2024-11-02 05:30:00,72,Greed,2024-11-02,2024-11-02
2024-11-03,0.0,129055.66,40.404152,6,2024-11-03 05:30:00,74,Greed,2024-11-03,2024-11-03
2024-11-04,2799.410474,451811.97,158.13418000000001,36,2024-11-04 05:30:00,70,Greed,2024-11-04,2024-11-04
2024-11-05,678.4759280000001,200627.23,70.219524,10,2024-11-05 05:30:00,70,Greed,2024-11-05,2024-11-05
2024-11-06,2817.83723,123906.9,43.36741,15,2024-11-06 05:30:00,70,Greed,2024-11-06,2024-11-06
2024-11-07,4493.353136,111335.3,26.17844238,113,2024-11-07 05:30:00,77,Extreme Greed,2024-11-07,2024-11-07
2024-11-08,-64.41354100000007,270700.44,93.87825699999999,39,2024-11-08 05:30:00,75,Extreme Greed,2024-11-08,2024-11-08
2024-11-09,102.90894,193384.41,66.18450299999999,86,2024-11-09 05:30:00,75,Extreme Greed,2024-11-09,2024-11-09
2024-11-10,991.114334,413636.7,142.313546,173,2024-11-10 05:30:00,78,Extreme Greed,2024-11-10,2024-11-10
2024-11-11,6749.630996,1570572.42,396.91055,373,2024-11-11 05:30:00,76,Extreme Greed,2024-11-11,2024-11-11
2024-11-12,3494.399394,1226354.52,427.904853,171,2024-11-12 05:30:00,80,Extreme Greed,2024-11-12,2024-11-12
2024-11-13,7846.402274,515336.37,179.184068,48,2024-11-13 05:30:00,84,Extreme Greed,2024-11-13,2024-11-13
2024-11-14,4563.509225,1008361.81,335.028802,110,2024-11-14 05:30:00,88,Extreme Greed,2024-11-14,2024-11-14
2024-11-15,4140.740438,1427858.42,466.427513,149,2024-11-15 05:30:00,80,Extreme Greed,2024-11-15,2024-11-15
2024-11-16,2769.521909,303296.07,100.171303,157,2024-11-16 05:30:00,86,Extreme Greed,2024-11-16,2024-11-16
2024-11-17,882.975285,1215987.57,271.111689,209,2024-11-17 05:30:00,90,Extreme Greed,2024-11-17,2024-11-17
2024-11-18,4470.815187,2084339.58,445.104339,346,2024-11-18 05:30:00,83,Extreme Greed,2024-11-18,2024-11-18
2024-11-19,2958.268991,628031.15,201.486933,305,2024-11-19 05:30:00,90,Extreme Greed,2024-11-19,2024-11-19
2024-11-20,4210.0928969999995,1999514.1199999999,644.057369,550,2024-11-20 05:30:00,83,Extreme Greed,2024-11-20,2024-11-20
2024-11-21,1692.430891,598300.62,198.628267,535,2024-11-21 05:30:00,82,Extreme Greed,2024-11-21,2024-11-21
2024-11-22,-18105.345617,1646713.62,436.439059,679,2024-11-22 05:30:00,94,Extreme Greed,2024-11-22,2024-11-22
2024-11-23,2901.531638,516245.68,154.621867,363,2024-11-23 05:30:00,93,Extreme Greed,2024-11-23,2024-11-23
2024-11-24,945.550386,664952.28,202.583126,172,2024-11-24 05:30:00,80,Extreme Greed,2024-11-24,2024-11-24
2024-11-25,5523.740734,937410.87,283.779701,255,2024-11-25 05:30:00,82,Extreme Greed,2024-11-25,2024-11-25
2024-11-26,1094.809359,1146902.44,311.298478,302,2024-11-26 05:30:00,79,Extreme Greed,2024-11-26,2024-11-26
2024-11-27,-2654.495633,1444242.53,439.714536,213,2024-11-27 05:30:00,75,Extreme Greed,2024-11-27,2024-11-27
2024-11-28,-127075.39958499999,1894225.15,315.582009,332,2024-11-28 05:30:00,77,Extreme Greed,2024-11-28,2024-11-28
2024-11-29,176844.994152,794262.91,192.45173557,393,2024-11-29 05:30:00,78,Extreme Greed,2024-11-29,2024-11-29
2024-11-30,37316.69352,1732193.7,552.3753395,373,2024-11-30 05:30:00,84,Extreme Greed,2024-11-30,2024-11-30
2024-12-01,40886.364494,814711.82,245.38375138,416,2024-12-01 05:30:00,81,Extreme Greed,2024-12-01,2024-12-01
2024-12-02,18489.604313,585243.56,147.88781359,270,2024-12-02 05:30:00,80,Extreme Greed,2024-12-02,2024-12-02
2024-12-03,23576.539285,1084666.53,330.57309170999997,374,2024-12-03 05:30:00,76,Extreme Greed,2024-12-03,2024-12-03
2024-12-04,292891.815021,769287.65,172.60641765,319,2024-12-04 05:30:00,78,Extreme Greed,2024-12-04,2024-12-04
2024-12-05,71574.11848800001,1256750.79,352.76572323,456,2024-12-05 05:30:00,84,Extreme Greed,2024-12-05,2024-12-05
2024-12-06,-92624.643895,3471019.22,691.99378587,403,2024-12-06 05:30:00,72,Greed,2024-12-06,2024-12-06
2024-12-07,85906.279067,451733.42,108.4520379,304,2024-12-07 05:30:00,75,Extreme Greed,2024-12-07,2024-12-07
2024-12-08,15965.933436,932939.72,234.17888346,420,2024-12-08 05:30:00,79,Extreme Greed,2024-12-08,2024-12-08
2024-12-09,6310.967676,983949.68,174.77343643,539,2024-12-09 05:30:00,78,Extreme Greed,2024-12-09,2024-12-09
2024-12-10,39325.770231,3150424.08,453.54068535,1596,2024-12-10 05:30:00,78,Extreme Greed,2024-12-10,2024-12-10
2024-12-11,319051.554217,2194098.33,413.50923006,1221,2024-12-11 05:30:00,74,Greed,2024-12-11,2024-12-11
2024-12-12,599151.795008,4557189.87,698.96545151,1932,2024-12-12 05:30:00,83,Extreme Greed,2024-12-12,2024-12-12
2024-12-13,31935.901745,2880824.64,453.22737636,1173,2024-12-13 05:30:00,76,Extreme Greed,2024-12-13,2024-12-13
2024-12-14,167801.399244,2369561.78,232.09144503,1235,2024-12-14 05:30:00,83,Extreme Greed,2024-12-14,2024-12-14
2024-12-15,97525.315279,2583269.81,231.33057037999998,1697,2024-12-15 05:30:00,80,Extreme Greed,2024-12-15,2024-12-15
2024-12-16,166774.344133,2740808.97,402.150056,1055,2024-12-16 05:30:00,83,Extreme Greed,2024-12-16,2024-12-16
2024-12-17,219591.305172,5233597.63,746.14038598,1941,2024-12-17 05:30:00,87,Extreme Greed,2024-12-17,2024-12-17
2024-12-18,13682.994673,3798887.07,691.44797021,1429,2024-12-18 05:30:00,81,Extreme Greed,2024-12-18,2024-12-18
2024-12-19,62744.004486000005,8241709.39,1056.23317908,3339,2024-12-19 05:30:00,75,Extreme Greed,2024-12-19,2024-12-19
2024-12-20,254969.660039,7681274.71,1210.83830578,2488,2024-12-20 05:30:00,74,Greed,2024-12-20,2024-12-20
2024-12-21,150022.163157,4382875.12,680.39159713,1681,2024-12-21 05:30:00,73,Greed,2024-12-21,2024-12-21
2024-12-22,352197.163973,3087320.22,333.05684453,774,2024-12-22 05:30:00,73,Greed,2024-12-22,2024-12-22
2024-12-23,-29430.626577,6771878.26,1200.89694657,2347,2024-12-23 05:30:00,70,Greed,2024-12-23,2024-12-23
2024-12-24,14813.780116,1767036.11,386.78244023,338,2024-12-24 05:30:00,73,Greed,2024-12-24,2024-12-24
2024-12-25,756.6570469999998,347889.35,66.51878221999999,208,2024-12-25 05:30:00,73,Greed,2024-12-25,2024-12-25
2024-12-26,60228.639722,2205242.65,523.35899848,697,2024-12-26 05:30:00,79,Extreme Greed,2024-12-26,2024-12-26
2024-12-27,2672.811035,347913.0,88.5556466,260,2024-12-27 05:30:00,74,Greed,2024-12-27,2024-12-27
2024-12-28,940.673623,281555.01,48.40849263,161,2024-12-28 05:30:00,72,Greed,2024-12-28,2024-12-28
2024-12-29,2884.067927,344628.54,72.1173571,201,2024-12-29 05:30:00,73,Greed,2024-12-29,2024-12-29
2024-12-30,9009.738137,1073865.73,284.90632048,304,2024-12-30 05:30:00,65,Greed,2024-12-30,2024-12-30
2024-12-31,5445.01281,877164.62,266.51641113,306,2024-12-31 05:30:00,64,Greed,2024-12-31,2024-12-31
2025-01-01,-9528.065345,282582.1,31.60438221,96,2025-01-01 05:30:00,66,Greed,2025-01-01,2025-01-01
2025-01-02,8716.519087,774674.84,176.13969323,361,2025-01-02 05:30:00,70,Greed,2025-01-02,2025-01-02
2025-01-03,6028.486793,771208.99,210.99783681,508,2025-01-03 05:30:00,74,Greed,2025-01-03,2025-01-03
2025-01-04,2553.537968,1826029.6199999999,233.711971,371,2025-01-04 05:30:00,73,Greed,2025-01-04,2025-01-04
2025-01-05,3187.719363,451943.57,139.34161097,239,2025-01-05 05:30:00,72,Greed,2025-01-05,2025-01-05
2025-01-06,6064.185393,556526.99,174.93108825,573,2025-01-06 05:30:00,76,Extreme Greed,2025-01-06,2025-01-06
2025-01-07,16098.227531,1313178.1,303.38645263,637,2025-01-07 05:30:00,78,Extreme Greed,2025-01-07,2025-01-07
2025-01-08,130117.090554,3177275.18,696.91291038,1039,2025-01-08 05:30:00,70,Greed,2025-01-08,2025-01-08
2025-01-09,46975.928902,1020733.25,275.51377943,522,2025-01-09 05:30:00,69,Greed,2025-01-09,2025-01-09
2025-01-10,-10116.875552,6547449.68,2094.17917505,819,2025-01-10 05:30:00,50,Neutral,2025-01-10,2025-01-10
2025-01-11,2269.080536,1658098.71,494.64797735,283,2025-01-11 05:30:00,69,Greed,2025-01-11,2025-01-11
2025-01-12,5742.241803,2258459.17,612.0827527,602,2025-01-12 05:30:00,62,Greed,2025-01-12,2025-01-12
2025-01-13,9655.429352,2936648.0100000002,863.10012478,408,2025-01-13 05:30:00,61,Greed,2025-01-13,2025-01-13
2025-01-14,16069.512355,876581.97,240.59104948,275,2025-01-14 05:30:00,63,Greed,2025-01-14,2025-01-14
2025-01-15,14819.5883,1801599.8900000001,513.60899482,267,2025-01-15 05:30:00,70,Greed,2025-01-15,2025-01-15
2025-01-16,20807.709328,3049692.96,890.56916796,371,2025-01-16 05:30:00,75,Extreme Greed,2025-01-16,2025-01-16
2025-01-17,7006.415608,1110230.46,351.41464889,238,2025-01-17 05:30:00,75,Extreme Greed,2025-01-17,2025-01-17
2025-01-18,443.2330819999997,2711629.88,815.9342014599999,651,2025-01-18 05:30:00,77,Extreme Greed,2025-01-18,2025-01-18
2025-01-19,87923.799302,9715215.3,2162.35563971,1567,2025-01-19 05:30:00,77,Extreme Greed,2025-01-19,2025-01-19
2025-01-20,87277.239173,8287327.01,2207.65981966,1315,2025-01-20 05:30:00,76,Extreme Greed,2025-01-20,2025-01-20
2025-01-21,11077.839421,1523729.82,398.3042653,530,2025-01-21 05:30:00,76,Extreme Greed,2025-01-21,2025-01-21
2025-01-22,20524.408057,1778406.43,471.17013976,832,2025-01-22 05:30:00,84,Extreme Greed,2025-01-22,2025-01-22
2025-01-23,101256.24216,3697028.66,1088.34986968,1218,2025-01-23 05:30:00,75,Extreme Greed,2025-01-23,2025-01-23
2025-01-24,10602.779738,1611433.45,338.6436011,874,2025-01-24 05:30:00,75,Extreme Greed,2025-01-24,2025-01-24
2025-01-25,-10348.016255999999,1239377.7,318.93376206,506,2025-01-25 05:30:00,75,Extreme Greed,2025-01-25,2025-01-25
2025-01-26,40823.466668,1201173.66,382.25815423,451,2025-01-26 05:30:00,73,Greed,2025-01-26,2025-01-26
2025-01-27,41331.765392,1508028.31,406.25916743,773,2025-01-27 05:30:00,71,Greed,2025-01-27,2025-01-27
2025-01-28,17979.613973,579412.17,124.71028463,498,2025-01-28 05:30:00,72,Greed,2025-01-28,2025-01-28
2025-01-29,23421.01147,1897513.41,612.52114509,910,2025-01-29 05:30:00,72,Greed,2025-01-29,2025-01-29
2025-01-30,23097.471385,3014397.17,874.65111573,1067,2025-01-30 05:30:00,70,Greed,2025-01-30,2025-01-30
2025-01-31,35868.296773,2783411.48,670.93805151,1016,2025-01-31 05:30:00,76,Extreme Greed,2025-01-31,2025-01-31
2025-02-01,32300.205017,1363746.44,285.47738189,634,2025-02-01 05:30:00,68,Greed,2025-02-01,2025-02-01
2025-02-02,162854.759623,5661092.29,1184.12208921,1319,2025-02-02 05:30:00,60,Greed,2025-02-02,2025-02-02
2025-02-03,348871.326269,22592901.37,2991.56562406,2380,2025-02-03 05:30:00,44,Fear,2025-02-03,2025-02-03
2025-02-04,416876.88812,15678409.27,3853.77856394,2512,2025-02-04 05:30:00,72,Greed,2025-02-04,2025-02-04
2025-02-05,56706.235562,8743231.51,1335.74961667,1297,2025-02-05 05:30:00,54,Neutral,2025-02-05,2025-02-05
2025-02-06,33803.799733,2818508.87,709.13035861,1703,2025-02-06 05:30:00,49,Neutral,2025-02-06,2025-02-06
2025-02-07,22450.002091,3460263.54,738.0892383400001,1524,2025-02-07 05:30:00,44,Fear,2025-02-07,2025-02-07
2025-02-08,586.703253,839734.97,109.97628618,575,2025-02-08 05:30:00,44,Fear,2025-02-08,2025-02-08
2025-02-09,150551.829492,2920919.7,427.36182496,764,2025-02-09 05:30:00,46,Neutral,2025-02-09,2025-02-09
2025-02-10,63908.49465,3624958.44,491.3623421,889,2025-02-10 05:30:00,43,Fear,2025-02-10,2025-02-10
2025-02-11,-6093.784817,2797544.17,476.43012785,848,2025-02-11 05:30:00,47,Neutral,2025-02-11,2025-02-11
2025-02-12,19848.635032,4143974.54,1099.15503114,1031,2025-02-12 05:30:00,46,Neutral,2025-02-12,2025-02-12
2025-02-13,27829.534238,3199852.21,823.48748402,1370,2025-02-13 05:30:00,50,Neutral,2025-02-13,2025-02-13
2025-02-14,213860.675308,4007103.42,961.57771575,1655,2025-02-14 05:30:00,48,Neutral,2025-02-14,2025-02-14
2025-02-15,45042.92701,1712852.95,374.08731802,932,2025-02-15 05:30:00,50,Neutral,2025-02-15,2025-02-15
2025-02-16,2369.478425,806177.64,171.57200528,681,2025-02-16 05:30:00,54,Neutral,2025-02-16,2025-02-16
2025-02-17,1818.573295,2031044.64,253.48675564,941,2025-02-17 05:30:00,51,Neutral,2025-02-17,2025-02-17
2025-02-18,91204.672403,3371128.68,609.53940291,1676,2025-02-18 05:30:00,47,Neutral,2025-02-18,2025-02-18
2025-02-19,14985.794701,3263930.24,688.4874495,1361,2025-02-19 05:30:00,44,Fear,2025-02-19,2025-02-19
2025-02-20,46008.794102,4628609.29,1232.46402475,2012,2025-02-20 05:30:00,49,Neutral,2025-02-20,2025-02-20
2025-02-21,119693.49395,3972159.88,829.71831377,1873,2025-02-21 05:30:00,55,Greed,2025-02-21,2025-02-21
2025-02-22,25278.704178,3175570.2,880.16463397,686,2025-02-22 05:30:00,49,Neutral,2025-02-22,2025-02-22
2025-02-23,10656.934251,1141310.74,230.00271917,520,2025-02-23 05:30:00,50,Neutral,2025-02-23,2025-02-23
2025-02-24,38470.176242,11223619.59,2097.96443324,5616,2025-02-24 05:30:00,49,Neutral,2025-02-24,2025-02-24
2025-02-25,204762.177034,19414984.36,3186.61506431,6246,2025-02-25 05:30:00,25,Fear,2025-02-25,2025-02-25
2025-02-26,63229.063129,4946958.13,754.17254667,1176,2025-02-26 05:30:00,21,Extreme Fear,2025-02-26,2025-02-26
2025-02-27,-36525.167517,1999898.43,512.14597331,890,2025-02-27 05:30:00,10,Extreme Fear,2025-02-27,2025-02-27
2025-02-28,225628.108748,4123660.77,878.39826396,1019,2025-02-28 05:30:00,16,Extreme Fear,2025-02-28,2025-02-28
2025-03-01,10596.108968,263824.13,37.06354539,174,2025-03-01 05:30:00,20,Extreme Fear,2025-03-01,2025-03-01
2025-03-02,66914.320708,6460848.74,1931.69694201,532,2025-03-02 05:30:00,26,Fear,2025-03-02,2025-03-02
2025-03-03,616413.032233,8244590.38,1040.56404242,1482,2025-03-03 05:30:00,33,Fear,2025-03-03,2025-03-03
2025-03-04,182075.566585,11124247.15,2220.33648528,2402,2025-03-04 05:30:00,15,Extreme Fear,2025-03-04,2025-03-04
2025-03-05,269328.365917,9193654.22,2321.32151085,1660,2025-03-05 05:30:00,20,Extreme Fear,2025-03-05,2025-03-05
2025-03-06,16101.125561,6765324.96,1306.61716326,760,2025-03-06 05:30:00,25,Fear,2025-03-06,2025-03-06
2025-03-07,150236.061627,19854275.48,4916.50104687,2552,2025-03-07 05:30:00,34,Fear,2025-03-07,2025-03-07
2025-03-08,24700.773359,892083.51,208.339773,529,2025-03-08 05:30:00,28,Fear,2025-03-08,2025-03-08
2025-03-09,19773.457395,10419697.99,2377.0639268,1422,2025-03-09 05:30:00,27,Fear,2025-03-09,2025-03-09
2025-03-10,-10010.027269999999,16811790.68,3488.37247123,2911,2025-03-10 05:30:00,20,Extreme Fear,2025-03-10,2025-03-10
2025-03-11,-76880.729036,14016952.09,2441.08024204,3286,2025-03-11 05:30:00,24,Extreme Fear,2025-03-11,2025-03-11
2025-03-12,288105.984215,18618139.15,3658.41357197,3968,2025-03-12 05:30:00,34,Fear,2025-03-12,2025-03-12
2025-03-13,14114.870873,3285591.22,809.18670717,962,2025-03-13 05:30:00,45,Neutral,2025-03-13,2025-03-13
2025-03-14,68646.160089,8047187.16,1193.48707492,2210,2025-03-14 05:30:00,27,Fear,2025-03-14,2025-03-14
2025-03-15,78694.624572,2355749.54,574.332888,261,2025-03-15 05:30:00,46,Neutral,2025-03-15,2025-03-15
2025-03-16,-7910.943544999999,10187921.51,2442.48300218,530,2025-03-16 05:30:00,30,Fear,2025-03-16,2025-03-16
2025-03-17,26163.906513,3592895.05,807.74000798,920,2025-03-17 05:30:00,32,Fear,2025-03-17,2025-03-17
2025-03-18,72322.788824,4050655.47,857.936131,834,2025-03-18 05:30:00,34,Fear,2025-03-18,2025-03-18
2025-03-19,29374.682341,4598813.57,784.4900710184,1612,2025-03-19 05:30:00,32,Fear,2025-03-19,2025-03-19
2025-03-20,10246.859436,1652257.93,329.235446,771,2025-03-20 05:30:00,49,Neutral,2025-03-20,2025-03-20
2025-03-21,6951.270374,2543903.39,633.46068283,698,2025-03-21 05:30:00,31,Fear,2025-03-21,2025-03-21
2025-03-22,12498.535254,971809.42,268.83480197,535,2025-03-22 05:30:00,32,Fear,2025-03-22,2025-03-22
2025-03-23,14047.421585,2593519.67,597.21601403,447,2025-03-23 05:30:00,30,Fear,2025-03-23,2025-03-23
2025-03-24,107878.961301,3017587.05,531.10535137,1027,2025-03-24 05:30:00,45,Neutral,2025-03-24,2025-03-24
2025-03-25,32030.90678,5372519.77,1401.35398577,791,2025-03-25 05:30:00,46,Neutral,2025-03-25,2025-03-25
2025-03-26,15802.167427,7597754.37,1796.80351609,3102,2025-03-26 05:30:00,47,Neutral,2025-03-26,2025-03-26
2025-03-27,58825.359221,3240279.46,714.0241193,785,2025-03-27 05:30:00,40,Fear,2025-03-27,2025-03-27
2025-03-28,21337.179335,1483092.61,389.28339505,728,2025-03-28 05:30:00,44,Fear,2025-03-28,2025-03-28
2025-03-29,12098.872931,3668151.83,839.84451462,1894,2025-03-29 05:30:00,26,Fear,2025-03-29,2025-03-29
2025-03-30,15795.11514,2850874.96,759.07175327,568,2025-03-30 05:30:00,32,Fear,2025-03-30,2025-03-30
2025-03-31,6978.184557,2164772.4699999997,482.00163111,495,2025-03-31 05:30:00,34,Fear,2025-03-31,2025-03-31
2025-04-01,-2202.6622420000003,704445.1900000001,162.93599482,192,2025-04-01 05:30:00,34,Fear,2025-04-01,2025-04-01
2025-04-02,202212.740938,3867930.6,1181.2230379,1076,2025-04-02 05:30:00,44,Fear,2025-04-02,2025-04-02
2025-04-03,-2365.961276,8670233.15,1337.1188527,1748,2025-04-03 05:30:00,25,Fear,2025-04-03,2025-04-03
2025-04-04,-25515.678949999998,3835545.73,836.063409361,1272,2025-04-04 05:30:00,28,Fear,2025-04-04,2025-04-04
2025-04-05,35907.33771,1267564.22,282.060344,360,2025-04-05 05:30:00,30,Fear,2025-04-05,2025-04-05
2025-04-06,47053.449272,3551252.06,618.4359126335,1048,2025-04-06 05:30:00,34,Fear,2025-04-06,2025-04-06
2025-04-07,34527.370305,14460253.14,2766.5551014029,2814,2025-04-07 05:30:00,23,Extreme Fear,2025-04-07,2025-04-07
2025-04-08,34899.394798,8869391.4,2274.97769106,943,2025-04-08 05:30:00,24,Extreme Fear,2025-04-08,2025-04-08
2025-04-09,43120.444797,28556806.47,6111.274358194,3967,2025-04-09 05:30:00,18,Extreme Fear,2025-04-09,2025-04-09
2025-04-10,158261.822261,28741953.29,6868.556500782,2127,2025-04-10 05:30:00,39,Fear,2025-04-10,2025-04-10
2025-04-11,126406.479081,11319327.07,2174.4390780901,1096,2025-04-11 05:30:00,25,Fear,2025-04-11,2025-04-11
2025-04-12,410419.694533,55914617.49,11517.596374457,2109,2025-04-12 05:30:00,43,Fear,2025-04-12,2025-04-12
2025-04-13,48696.021521,14171154.79,2568.3362202649,1321,2025-04-13 05:30:00,45,Neutral,2025-04-13,2025-04-13
2025-04-14,45680.443063,13079972.98,2023.157718567,890,2025-04-14 05:30:00,31,Fear,2025-04-14,2025-04-14
2025-04-15,72357.706282,20752168.24,1866.90475939,1131,2025-04-15 05:30:00,38,Fear,2025-04-15,2025-04-15
2025-04-16,58631.730257,36502715.9,5997.61790529,1608,2025-04-16 05:30:00,29,Fear,2025-04-16,2025-04-16
2025-04-17,5427.919886,2604551.51,519.20873692,1031,2025-04-17 05:30:00,30,Fear,2025-04-17,2025-04-17
2025-04-18,4880.4047439999995,24610650.46,4667.32793177,1894,2025-04-18 05:30:00,33,Fear,2025-04-18,2025-04-18
2025-04-19,71950.577495,32706462.71,6480.62633269,2786,2025-04-19 05:30:00,32,Fear,2025-04-19,2025-04-19
2025-04-20,25060.341936,12126094.05,1887.3296081058,1982,2025-04-20 05:30:00,37,Fear,2025-04-20,2025-04-20
2025-04-21,34369.267906999994,42104054.84,6356.09106388,1718,2025-04-21 05:30:00,39,Fear,2025-04-21,2025-04-21
2025-04-22,58652.763578,33753625.24,5749.685751,2998,2025-04-22 05:30:00,47,Neutral,2025-04-22,2025-04-22
2025-04-23,-419020.225731,30682443.79,7342.08084188,6159,2025-04-23 05:30:00,72,Greed,2025-04-23,2025-04-23
2025-04-24,50704.395965,35088918.64,7366.5003199353005,2232,2025-04-24 05:30:00,63,Greed,2025-04-24,2025-04-24
2025-04-25,20218.859206,27749455.78,6299.0932547382,1653,2025-04-25 05:30:00,60,Greed,2025-04-25,2025-04-25
2025-04-26,-4125.753942,11948127.77,2652.30675352,1131,2025-04-26 05:30:00,65,Greed,2025-04-26,2025-04-26
2025-04-27,2702.067468,487537.69,55.9267726562,337,2025-04-27 05:30:00,61,Greed,2025-04-27,2025-04-27
2025-04-28,36906.813759,26124921.49,6007.2514035301,1379,2025-04-28 05:30:00,54,Neutral,2025-04-28,2025-04-28
2025-04-29,125749.613427,34089511.66,5149.2952871531,2243,2025-04-29 05:30:00,60,Greed,2025-04-29,2025-04-29
2025-04-30,14003.797269,12693878.85,2950.1837728755,1113,2025-04-30 05:30:00,56,Greed,2025-04-30,2025-04-30
2025-05-01,54536.829297000004,10720240.52,2652.6136779658,1230,2025-05-01 05:30:00,53,Neutral,2025-05-01,2025-05-01
